001,Adidas Alphabounce Beyond,3500,2,Available
002,Nike Air Max 90,4200,3,Available
003,Nike Air Huarache Drift,4100,2,Available
004,Nike SB Dunk Low,3500,4,Available
005,Adidas Crazy Light Boost,4600,2,Available
006,Nike Kyrie Flytrap,5000,4,Available
007,Reebok Classic Leather,2500,5,Available
008,Adidas Yung,3800,2,Available
009,Nike Cortez SE,2100,10,Available
010,Nike Air Max 95,5300,2,Available
011,Nike Air Foamposite One,8300,2,Available
012,Nike Odyssey React,4500,4,Available
013,Nike Blazer QS Easter,5700,5,Available
014,Nike Air Max 270,4200,10,Available
015,Converse One Star x Sneakersnstuff,5990,5,Available
016,Nike Air Force 1 Low Foamposite,4500,10,Available
017,Nike Air More Uptempo,9900,2,Available
018,Adidas Ultra Boost 4.0,7500,5,Available
019,Vans Slip On Flame Wall,6500,3,Available
020,Air Jordan 1 Retro High OG Shadow,10500,2,Available
